{
    "inclusive": {
        "variable": "$(Lepton1Pt)/1000.",
        "binning": [
            0,
            12,
            14,
            16,
            18,
            20,
            25,
            30,
            35,
            40,
            50,
            60
        ],
        "values": [
            1.2276410322728892,
            1.4029832430056006,
            1.4193213710694428,
            1.483150492778569,
            1.5512483272979904,
            1.6410837069028323,
            1.7654123579242178,
            1.7024396887078341,
            1.6626992937829022,
            1.7440452961750024,
            1.895295756775878
        ],
        "errors": [
            0.03241628761663172,
            0.03724959339104916,
            0.03589721869075102,
            0.03616837617878993,
            0.03679043689757859,
            0.09758183653910218,
            0.050670398138734286,
            0.04047962631493974,
            0.05094959814592764,
            0.1932373137378558,
            0.07924878229452366
        ]
    }
}
