{
    "inclusive": {
        "variable": "$(Lepton1Pt)/1000.",
        "binning": [
            10.0,
            11.25,
            12.5,
            13.75,
            15.0,
            16.25,
            17.5,
            18.75,
            20.0,
            21.25,
            22.5,
            23.75,
            25.0,
            26.25,
            27.5,
            28.75,
            30.0,
            31.25,
            32.5,
            33.75,
            35.0,
            36.25,
            37.5,
            38.75,
            40.0,
            41.25,
            42.5,
            43.75,
            45.0,
            46.25,
            47.5,
            48.75,
            50.0,
            51.25,
            52.5,
            53.75,
            55.0,
            56.25,
            57.5,
            58.75,
            60
        ],
        "values": [
            1.2362481515442745,
            1.4047787060512194,
            1.4429343693021086,
            1.338726257365292,
            1.4733328377579176,
            1.4939214856899687,
            1.5427704886023175,
            1.5646907514235335,
            1.6850396768912252,
            1.502175069922757,
            1.569967282032628,
            1.8644833558905394,
            1.8098703734534163,
            1.8289422053271231,
            1.682015603569939,
            1.7310298854221022,
            1.80952430094275,
            1.6571771043214971,
            1.6786180414783856,
            1.6348577418442791,
            1.8516096425505935,
            1.754065394914945,
            1.4479761765525991,
            1.5500014830819988,
            1.5650216295659127,
            2.897514601479089,
            1.5625998614465062,
            1.7772519714305306,
            1.3602379191071619,
            1.5657927302285422,
            1.339320477861956,
            1.4560786818294655,
            1.5549954217872282,
            1.7395621034109285,
            1.319156752288887,
            1.6020734821191893,
            1.9391310609083303,
            1.9405839106790184,
            1.6717140220203914,
            1.0843118390828614
        ],
        "errors": [
            0.04329256876232378,
            0.05374543424771636,
            0.0585250933504583,
            0.03912450306317419,
            0.04565939762687357,
            0.04208572341778829,
            0.058236344138459656,
            0.04221286368206157,
            0.05573151453986845,
            0.25476423859761244,
            0.22063777531193965,
            0.08515681285204267,
            0.0717709534586936,
            0.0781190104036168,
            0.12930055601082743,
            0.11672808452902332,
            0.07927648780677693,
            0.075865500245819,
            0.08270836995851373,
            0.08634840061910236,
            0.10442957896861256,
            0.10581209608916335,
            0.08989499849995101,
            0.10559785940640305,
            0.11286462031840572,
            1.216904303482416,
            0.12649337821822979,
            0.16021234196874246,
            0.12385243919712104,
            0.15727985103981015,
            0.14639104971936978,
            0.18004845111339388,
            0.20179138409943878,
            0.2347995725063227,
            0.20231026742283656,
            0.24188835917079954,
            0.3135022980523834,
            0.3242554984075405,
            0.3045996178815032,
            0.2142074606950935
        ]
    }
}
