{
    "2tag": {
        "variable": "$(Lepton1Pt)/1000.",
        "selection": "$(NBJets)==2",
        "binning": [
            0,
            12,
            14,
            16,
            18,
            20,
            25,
            30,
            35,
            40,
            50,
            60
        ],
        "values": [
            1.224122893911691,
            1.4020401953015487,
            1.415951069463492,
            1.4832417402095035,
            1.5489787159353128,
            1.6401187200164293,
            1.763806868500182,
            1.6942849549180983,
            1.652449429101738,
            1.6890981084173924,
            1.8842727707593312
        ],
        "errors": [
            0.031815211337783575,
            0.037003693192060164,
            0.03396711923988243,
            0.03507946765481072,
            0.035126065703694954,
            0.09757148840210249,
            0.049815678213788225,
            0.0401193748533468,
            0.05046478408433575,
            0.15031727354242527,
            0.07800931773677196
        ],
        "sys_errors": [
            0.0036,
            -0.0252,
            -0.0093,
            -0.0778,
            -0.0104,
            -0.1095,
            -0.2289,
            -0.2843,
            -0.3159,
            -0.4796,
            -0.4643
        ]
    },
    "1tag": {
        "variable": "$(Lepton1Pt)/1000.",
        "selection": "$(NBJets)==1",
        "binning": [
            0,
            12,
            14,
            16,
            18,
            20,
            25,
            30,
            35,
            40,
            50,
            60
        ],
        "values": [
            1.1101356494572197,
            1.2038138223011423,
            1.2168080567112716,
            1.208324956256694,
            1.2634177793712844,
            1.3099748407221337,
            1.380356406359661,
            1.454335020237045,
            1.473542047000568,
            1.592905586715791,
            2.5504810660096977
        ],
        "errors": [
            0.012440121195751422,
            0.02044378351407967,
            0.016497235712076633,
            0.019995561169438993,
            0.024846651775296363,
            0.01858239113511519,
            0.026516813363060204,
            0.03368626840054891,
            0.05051291884983713,
            0.05812603020737346,
            0.07583245795815641
        ],
        "sys_errors": [
            -0.16496225,
            -0.02342842,
            -0.02534306,
            -0.06517616,
            0.17288033,
            0.14065556,
            0.06505306,
            0.06764373,
            -0.03348,
            -0.09895217,
            -0.15673883
        ]
    }
}
