{
    "inclusive": {
        "variable": "$(Lepton1Pt)/1000.",
        "binning": [
            10.0,
            11.25,
            12.5,
            13.75,
            15.0,
            16.25,
            17.5,
            18.75,
            20.0,
            21.25,
            22.5,
            23.75,
            25.0,
            26.25,
            27.5,
            28.75,
            30.0,
            31.25,
            32.5,
            33.75,
            35.0,
            36.25,
            37.5,
            38.75,
            40.0,
            41.25,
            42.5,
            43.75,
            45.0,
            46.25,
            47.5,
            48.75,
            50.0,
            51.25,
            52.5,
            53.75,
            55.0,
            56.25,
            57.5,
            58.75,
            60
        ],
        "values": [
            1.2324366886760998,
            1.3984321432878934,
            1.439850172709205,
            1.3411647001567377,
            1.4664884400104696,
            1.4928726774839316,
            1.5427279515811636,
            1.5620553124222674,
            1.6870714037678254,
            1.5003290113466514,
            1.572373414399625,
            1.8557512451713787,
            1.807110817819447,
            1.824898532231503,
            1.6899047546772357,
            1.722271872897242,
            1.800496030568035,
            1.6482662771012242,
            1.672885720194692,
            1.6261750586049393,
            1.8449392751594353,
            1.7426364018710332,
            1.4372371841864966,
            1.537584836025772,
            1.5542227771964383,
            2.6112600323587496,
            1.5557136447556523,
            1.7627725247264912,
            1.3486711327166294,
            1.5488803328997247,
            1.3272230378893013,
            1.445789653033168,
            1.525992910745482,
            1.728571822566073,
            1.2894951283669263,
            1.5814640399812894,
            1.9087190553007956,
            1.9440016248042482,
            1.66468072172514,
            1.0885754563771939
        ],
        "errors": [
            0.04217322310099965,
            0.05077296579430715,
            0.058124417224542604,
            0.036759051592140136,
            0.04409465031819487,
            0.041732261239180765,
            0.054026045830570364,
            0.04193809407440031,
            0.05415007543682427,
            0.2547577028637768,
            0.22130427052668722,
            0.08452284525474298,
            0.0707151211138333,
            0.0776011315158633,
            0.1267842634402972,
            0.11554376792965929,
            0.07838180658979968,
            0.07536432267725629,
            0.08205014519332944,
            0.08553318013395673,
            0.10373587341594838,
            0.10461550934855918,
            0.08909653652032934,
            0.10423149600325719,
            0.11199088523400176,
            0.9342167905464747,
            0.12542974350552577,
            0.15837797358133918,
            0.12257981566333422,
            0.15535273704878788,
            0.1450459023705699,
            0.17872165956437167,
            0.19355688225397288,
            0.2317065715018769,
            0.19196529086298106,
            0.23877896835933987,
            0.30849863168283986,
            0.3241570345808445,
            0.30373006414963855,
            0.2115803304558968
        ]
    }
}
