{
    "inclusive": {
        "variable": "$(DiLeptonMass)/1000.",
        "binning": [
            15.0,
            24.5,
            34.0,
            43.5,
            53.0,
            62.5,
            72.0,
            81.5,
            91.0,
            100.5,
            110.0
        ],
        "values": [
            1.2240230393428684,
            1.1969631457229835,
            1.3605974677809527,
            1.3893361700182711,
            1.4586157099301786,
            1.5950170686262548,
            1.6105311911988502,
            1.5220593719050335,
            1.3607651137119259,
            1.316555874075524
        ],
        "errors": [
            0.026266305962011252,
            0.06819907426190736,
            0.034364856470986554,
            0.04343642020750738,
            0.057062552823008296,
            0.06979915634438098,
            0.031917741153597724,
            0.03709970255166348,
            0.05267485736021217,
            0.07589088972042218
        ]
    }
}
