{
    "inclusive": {
        "variable": "$(NN_SR1_NodeSignal)",
        "binning": [
            0.0,
            0.02,
            0.04,
            0.07,
            0.11,
            0.17,
            0.25,
            0.35,
            0.47,
            0.58,
            0.68,
            0.76,
            0.82,
            0.87,
            0.91,
            0.94,
            0.96,
            1
        ],
        "values": [
            1.309644712136313,
            1.429769551379925,
            1.5107615779602166,
            1.610820163019165,
            1.9113227046037586,
            2.0190507756457503,
            2.344086934002056,
            2.4322705368267594,
            2.814874788888155,
            2.962123909532361,
            3.2134108650373636,
            3.0486877064213074,
            2.9484589259075906,
            3.7121215400462235,
            3.798387557606447,
            5.716474104906431,
            2.608260201209299
        ],
        "errors": [
            0.023947358723454756,
            0.028029819476558332,
            0.03621570700051662,
            0.05148516396120639,
            0.13465720767944406,
            0.0773777480611776,
            0.11236955744001222,
            0.1387796345151018,
            0.20645502578928188,
            0.22532957869429474,
            0.29705974220114784,
            0.36168111948185855,
            0.3855833714232238,
            0.6788532752272184,
            0.9088534560771473,
            2.0043150715090614,
            0.7241948407400022
        ]
    }
}
