{
    "inclusive": {
        "variable": "$(NN_SR1_NodeSignal)",
        "binning": [
            0.0,
            0.02,
            0.04,
            0.07,
            0.11,
            0.17,
            0.25,
            0.35,
            0.47,
            0.58,
            0.68,
            0.76,
            0.82,
            0.87,
            0.91,
            0.94,
            0.96,
            1
        ],
        "values": [
            1.3129130842130876,
            1.4315920082166058,
            1.5161180618999393,
            1.6088539870073753,
            1.9473209087292658,
            2.0097639441936836,
            2.334421739288361,
            2.428733142600476,
            2.840237736235729,
            2.9584403405799815,
            3.197015130696585,
            3.0398981812001717,
            2.9466480707391334,
            3.7301572576504007,
            3.8187701407433896,
            5.744791196874924,
            2.617077187881261
        ],
        "errors": [
            0.02427553293267786,
            0.029533357251183414,
            0.03876841918590101,
            0.05206049001444131,
            0.1688482972906,
            0.07716076073466384,
            0.11194057685570452,
            0.1392715806532629,
            0.220761151228813,
            0.22456681267203796,
            0.2955038848043237,
            0.35934575807108043,
            0.3856053124902943,
            0.6812187535778936,
            0.9130398229022755,
            2.0132003054322967,
            0.7263164350110468
        ]
    }
}
