{
    "inclusive": {
        "variable": "$(DiLeptonPt)/1000.",
        "binning": [
            0,
            15,
            30,
            70,
            110,
            160,
            200
        ],
        "values": [
            1.8239952226958651,
            1.378598475264306,
            1.3800348047254771,
            1.4259544805790068,
            1.4349060336417165,
            1.7986616957325234
        ],
        "errors": [
            0.07791600507621713,
            0.10108087987379655,
            0.021341810548739213,
            0.029368991619959317,
            0.027416054162671528,
            0.07927230072725165
        ]
    }
}
