{
    "inclusive": {
        "variable": "$(DiLeptonPt)/1000.",
        "binning": [
            0,
            15,
            30,
            70,
            110,
            160,
            200
        ],
        "values": [
            1.8320100913377717,
            1.3818456875014407,
            1.38321956278548,
            1.4317458952877749,
            1.4371687327269413,
            1.7971268437130317
        ],
        "errors": [
            0.08145220420589232,
            0.10231841340345624,
            0.021760068467861444,
            0.031523522378552764,
            0.027554528236877325,
            0.07918797794707778
        ]
    }
}
