{
    "inclusive": {
        "variable": "$(DiLeptonPt)/1000.",
        "binning": [
            0,
            5,
            10,
            15,
            20,
            25,
            30,
            35,
            40,
            45,
            50,
            55,
            60,
            65,
            70,
            75,
            80,
            85,
            90,
            95,
            100,
            105,
            110,
            115,
            120,
            125,
            130,
            135,
            140,
            145,
            150,
            155,
            160,
            165,
            170,
            175,
            180,
            185,
            190,
            195,
            200
        ],
        "values": [
            1.7395905610553555,
            1.8239194627678699,
            1.838261537598443,
            1.5320344156639116,
            1.5577795410578132,
            1.19672486438547,
            1.417776558389837,
            1.3690593069667585,
            1.3911914508726169,
            1.400786017679079,
            1.3478098279831436,
            1.2982944097768794,
            1.4435625141166415,
            1.3860712434827493,
            1.418096433526002,
            1.5226402730414814,
            1.4546711474118734,
            1.3968170788296894,
            1.416172602839072,
            1.40961176960407,
            1.3023301281798025,
            1.3897233346737694,
            1.319630089416636,
            1.4829244101323114,
            1.3905197320438563,
            1.5263342160548818,
            1.3547214339713347,
            1.3743998461202678,
            1.441999843633124,
            1.5825175786753658,
            1.6732957949332194,
            1.5299116644021171,
            1.993029709461068,
            1.8360114439386364,
            1.7987395907205996,
            1.5659149280983324,
            1.8443635358008952,
            1.8001936623091876,
            1.4941040387077056,
            2.0686188452720247
        ],
        "errors": [
            0.21618940502191422,
            0.12166436021614917,
            0.10934314026725508,
            0.06593734487053415,
            0.07808064932847451,
            0.19000888219775408,
            0.05332867798794246,
            0.035796196619708356,
            0.029292457991431826,
            0.03099954948440017,
            0.08371243647690954,
            0.10273760579713649,
            0.055173633107783566,
            0.03853623911251578,
            0.035227779610460155,
            0.1427113796748658,
            0.09470094558512329,
            0.040232114150671176,
            0.04632602301857557,
            0.052958456343787264,
            0.04923707047065871,
            0.05633971438378781,
            0.0578275185518412,
            0.07141002339303124,
            0.07164895830961408,
            0.0856959273659398,
            0.08358655836761696,
            0.09208691925077712,
            0.10141403116936053,
            0.12552597760467668,
            0.14483525251929,
            0.143006301781929,
            0.20286782534794978,
            0.20046261337060234,
            0.20722561427311403,
            0.18361962009890073,
            0.24363034212623472,
            0.27273646071180685,
            0.22051180651917549,
            0.3287621731788595
        ]
    }
}
